Modules Names,Modules Names Images
Accounts,Accounts
Assets,Assets
Campaigns,Campaigns
Cases,Cases
Contact Requests,Contact Requests
Contacts,Contacts
Contracts,Contracts
Documents,Documents
Duplicate Record Sets,Duplicate Record Sets
Images,Images
Leads,Leads
Macros,Macros
Opportunities,Opportunities
Orders,Orders
Price Books,Price Books
Process Exceptions,Process Exceptions
Products,Products
Recommendations,Recommendations
Scorecards,Scorecards
Skills,Skills
Social Posts,Social Posts
Solutions,Solutions
Work Orders,Work Orders